month,tk_pm_count,tk_polls_count,tk_total,tk_polls_share,tk_pm_views,tk_polls_views,tk_polls_view_share,yt_pm_count,yt_polls_count,yt_total,yt_polls_share,yt_pm_views,yt_polls_views,yt_polls_view_share
2020-01,0,0,0,,0,0,,8,11,19,0.5789,182248,7021,0.0371
2020-02,0,0,0,,0,0,,12,10,22,0.4545,79387,217258,0.7324
2020-03,0,0,0,,0,0,,23,13,36,0.3611,281836,50871,0.1529
2020-04,0,0,0,,0,0,,18,11,29,0.3793,159618,378091,0.7032
2020-05,0,0,0,,0,0,,22,11,33,0.3333,1032334,275844,0.2109
2020-06,0,0,0,,0,0,,27,31,58,0.5345,2482125,1951613,0.4402
2020-07,0,0,0,,0,0,,20,25,45,0.5556,506034,1867653,0.7868
2020-08,0,0,0,,0,0,,22,37,59,0.6271,1004936,1631862,0.6189
2020-09,0,0,0,,0,0,,23,51,74,0.6892,776151,1312493,0.6284
2020-10,0,0,0,,0,0,,44,105,149,0.7047,2378034,5494889,0.6979
2020-11,1,1,2,0.5000,27500,380500,0.9326,39,74,113,0.6549,2325538,4942571,0.6800
2020-12,0,0,0,,0,0,,8,10,18,0.5556,459952,128077,0.2178
2021-01,1,0,1,0.0000,15100,0,0.0000,8,26,34,0.7647,66487,477837,0.8779
2021-02,0,0,0,,0,0,,9,4,13,0.3077,64825,80248,0.5532
2021-03,0,0,0,,0,0,,11,5,16,0.3125,65985,2302,0.0337
2021-04,0,0,0,,0,0,,4,3,7,0.4286,16983,281,0.0163
2021-05,0,0,0,,0,0,,3,4,7,0.5714,19830,90830,0.8208
2021-06,0,0,0,,0,0,,13,10,23,0.4348,43065,248232,0.8522
2021-07,0,0,0,,0,0,,11,6,17,0.3529,155687,1149759,0.8807
2021-08,0,0,0,,0,0,,1,9,10,0.9000,3543,262546,0.9867
2021-09,0,0,0,,0,0,,4,9,13,0.6923,57936,123063,0.6799
2021-10,0,0,0,,0,0,,0,6,6,1.0000,0,9694,1.0000
2021-11,0,1,1,1.0000,0,104000,1.0000,7,13,20,0.6500,24354,48054,0.6637
2021-12,0,0,0,,0,0,,3,5,8,0.6250,98963,77105,0.4379
2022-01,0,0,0,,0,0,,6,7,13,0.5385,34370,181641,0.8409
2022-02,0,1,1,1.0000,0,4927,1.0000,7,10,17,0.5882,46457,83596,0.6428
2022-03,0,0,0,,0,0,,2,8,10,0.8000,1385,220603,0.9938
2022-04,0,0,0,,0,0,,2,18,20,0.9000,15723,441018,0.9656
2022-05,0,0,0,,0,0,,1,20,21,0.9524,12859,179533,0.9332
2022-06,0,3,3,1.0000,0,200000,1.0000,6,12,18,0.6667,12865,174521,0.9313
2022-07,0,0,0,,0,0,,10,27,37,0.7297,53248,288094,0.8440
2022-08,0,0,0,,0,0,,15,16,31,0.5161,187486,403907,0.6830
2022-09,0,0,0,,0,0,,8,35,43,0.8140,65367,306384,0.8242
2022-10,0,0,0,,0,0,,26,60,86,0.6977,596839,231034,0.2791
2022-11,0,2,2,1.0000,0,79258,1.0000,25,51,76,0.6711,107908,1058626,0.9075
2022-12,0,2,2,1.0000,0,16249,1.0000,1,19,20,0.9500,366,1104670,0.9997
2023-01,0,0,0,,0,0,,3,3,6,0.5000,43626,488,0.0111
2023-02,1,0,1,0.0000,780,0,0.0000,8,8,16,0.5000,119016,312819,0.7244
2023-03,0,0,0,,0,0,,0,6,6,1.0000,0,168987,1.0000
2023-04,0,0,0,,0,0,,2,10,12,0.8333,23259,287296,0.9251
2023-05,0,0,0,,0,0,,1,10,11,0.9091,10758,293434,0.9646
2023-06,0,0,0,,0,0,,5,15,20,0.7500,53682,354489,0.8685
2023-07,0,0,0,,0,0,,6,17,23,0.7391,94597,591218,0.8621
2023-08,0,0,0,,0,0,,4,19,23,0.8261,403,428300,0.9991
2023-09,0,1,1,1.0000,0,5983,1.0000,6,16,22,0.7273,85424,276594,0.7640
2023-10,0,0,0,,0,0,,1,22,23,0.9565,307936,263284,0.4609
2023-11,0,1,1,1.0000,0,428,1.0000,9,29,38,0.7632,47969,370215,0.8853
2023-12,0,0,0,,0,0,,10,17,27,0.6296,137965,164185,0.5434
2024-01,0,0,0,,0,0,,18,27,45,0.6000,609734,267497,0.3049
2024-02,0,2,2,1.0000,0,626600,1.0000,12,18,30,0.6000,327674,227324,0.4096
2024-03,0,1,1,1.0000,0,1148,1.0000,10,25,35,0.7143,3098986,1024631,0.2485
2024-04,0,0,0,,0,0,,22,30,52,0.5769,1560112,1196099,0.4340
2024-05,0,1,1,1.0000,0,32700,1.0000,34,28,62,0.4516,529360,628892,0.5430
2024-06,0,3,3,1.0000,0,1163,1.0000,52,57,109,0.5229,2215442,2011191,0.4758
2024-07,5,7,12,0.5833,55726,2774936,0.9803,173,86,259,0.3320,30327463,7336532,0.1948
2024-08,6,10,16,0.6250,96642,3074727,0.9695,150,126,276,0.4565,7169499,8900765,0.5539
2024-09,10,12,22,0.5455,89314,2342116,0.9633,196,205,401,0.5112,19555420,11343126,0.3671
2024-10,59,37,96,0.3854,5575574,3939462,0.4140,546,221,767,0.2881,25259986,11548377,0.3137
2024-11,69,50,119,0.4202,13014884,171839167,0.9296,437,135,572,0.2360,26895299,5870032,0.1792
2024-12,10,0,10,0.0000,12486,0,0.0000,30,6,36,0.1667,618873,42470,0.0642
2025-01,6,0,6,0.0000,101759,0,0.0000,36,5,41,0.1220,6692728,26723,0.0040
2025-02,1,2,3,0.6667,345,9358,0.9644,21,3,24,0.1250,978013,813,0.0008
2025-03,1,3,4,0.7500,627,4289,0.8725,25,13,38,0.3421,1077631,660293,0.3799
2025-04,1,7,8,0.8750,2737,930249,0.9971,40,19,59,0.3220,1139023,3439673,0.7512
2025-05,1,1,2,0.5000,1042,920,0.4689,19,5,24,0.2083,507205,64301,0.1125
2025-06,6,9,15,0.6000,417750,376001,0.4737,37,13,50,0.2600,1518483,528584,0.2582
2025-07,14,7,21,0.3333,75159,100367,0.5718,71,20,91,0.2198,3281231,1137814,0.2575
2025-08,15,9,24,0.3750,351355,37374,0.0961,77,24,101,0.2376,2963508,909530,0.2348
2025-09,5,10,15,0.6667,177611,79279,0.3086,57,17,74,0.2297,2925203,1065891,0.2671
2025-10,42,18,60,0.3000,853535,113998,0.1178,133,33,166,0.1988,10860070,3437405,0.2404
2025-11,27,16,43,0.3721,2114356,836193,0.2834,132,68,200,0.3400,5430238,6714625,0.5529
2025-12,37,11,48,0.2292,3309350,2088208,0.3869,165,50,215,0.2326,8667754,4709355,0.3520
2026-01,31,15,46,0.3261,8369902,1517002,0.1534,202,43,245,0.1755,7971467,4437033,0.3576
2026-02,56,19,75,0.2533,1196636,2080115,0.6348,232,53,285,0.1860,10151162,8911450,0.4675
2026-03,147,21,168,0.1250,3112821,5582542,0.6420,550,66,616,0.1071,27619545,8194101,0.2288
2026-04,41,34,75,0.4533,376730,1779853,0.8253,16,83,99,0.8384,636005,9785452,0.9390
